{
	"texture_size": [32, 32],
	"textures": {
		"1": "fallacy:item/coins/gold_coin_stack"
	},
	"elements": [
		{
			"from": [7.5, 0, 6.75],
			"to": [10.5, 11, 9.75],
			"rotation": {"angle": 0, "axis": "y", "origin": [7.5, 0, 6.75]},
			"faces": {
				"north": {"uv": [0, 0, 1.5, 5.5], "texture": "#1"},
				"east": {"uv": [1.5, 0, 3, 5.5], "texture": "#1"},
				"south": {"uv": [3, 0, 4.5, 5.5], "texture": "#1"},
				"west": {"uv": [4.5, 0, 6, 5.5], "texture": "#1"},
				"up": {"uv": [13.5, 1.5, 12, 0], "texture": "#1"},
				"down": {"uv": [13.5, 1.5, 12, 3], "texture": "#1"}
			}
		},
		{
			"from": [4.5, 0, 4.75],
			"to": [7.5, 8, 7.75],
			"rotation": {"angle": 0, "axis": "y", "origin": [5.5, 0, 5.75]},
			"faces": {
				"north": {"uv": [6, 0, 7.5, 4], "texture": "#1"},
				"east": {"uv": [6, 4, 7.5, 8], "texture": "#1"},
				"south": {"uv": [7.5, 0, 9, 4], "texture": "#1"},
				"west": {"uv": [7.5, 4, 9, 8], "texture": "#1"},
				"up": {"uv": [13.5, 4.5, 12, 3], "texture": "#1"},
				"down": {"uv": [13.5, 4.5, 12, 6], "texture": "#1"}
			}
		},
		{
			"from": [9.5, 0, 3.75],
			"to": [12.5, 4, 6.75],
			"rotation": {"angle": 0, "axis": "y", "origin": [9.5, 0, 3.75]},
			"faces": {
				"north": {"uv": [10.5, 5, 12, 7], "texture": "#1"},
				"east": {"uv": [10.5, 7, 12, 9], "texture": "#1"},
				"south": {"uv": [10.5, 9, 12, 11], "texture": "#1"},
				"west": {"uv": [6, 11, 7.5, 13], "texture": "#1"},
				"up": {"uv": [13.5, 7.5, 12, 6], "texture": "#1"},
				"down": {"uv": [13.5, 7.5, 12, 9], "texture": "#1"}
			}
		},
		{
			"from": [6.5, 0, 9.75],
			"to": [9.5, 9, 12.75],
			"rotation": {"angle": 0, "axis": "y", "origin": [6.5, 0, 9.75]},
			"faces": {
				"north": {"uv": [0, 5.5, 1.5, 10], "texture": "#1"},
				"east": {"uv": [1.5, 5.5, 3, 10], "texture": "#1"},
				"south": {"uv": [3, 5.5, 4.5, 10], "texture": "#1"},
				"west": {"uv": [4.5, 5.5, 6, 10], "texture": "#1"},
				"up": {"uv": [10.5, 13.5, 9, 12], "texture": "#1"},
				"down": {"uv": [13.5, 9, 12, 10.5], "texture": "#1"}
			}
		},
		{
			"from": [10.5, 0, 7.75],
			"to": [13.5, 6, 10.75],
			"rotation": {"angle": 0, "axis": "y", "origin": [10.5, 0, 7.75]},
			"faces": {
				"north": {"uv": [6, 8, 7.5, 11], "texture": "#1"},
				"east": {"uv": [7.5, 8, 9, 11], "texture": "#1"},
				"south": {"uv": [9, 0, 10.5, 3], "texture": "#1"},
				"west": {"uv": [9, 3, 10.5, 6], "texture": "#1"},
				"up": {"uv": [13.5, 12, 12, 10.5], "texture": "#1"},
				"down": {"uv": [13.5, 12, 12, 13.5], "texture": "#1"}
			}
		},
		{
			"from": [5.5, 0, 1.75],
			"to": [8.5, 3, 4.75],
			"rotation": {"angle": 0, "axis": "y", "origin": [5.5, 0, 1.75]},
			"faces": {
				"north": {"uv": [3, 12.5, 4.5, 14], "texture": "#1"},
				"east": {"uv": [4.5, 12.5, 6, 14], "texture": "#1"},
				"south": {"uv": [7.5, 12.5, 9, 14], "texture": "#1"},
				"west": {"uv": [10.5, 12.5, 12, 14], "texture": "#1"},
				"up": {"uv": [1.5, 14.5, 0, 13], "texture": "#1"},
				"down": {"uv": [3, 13, 1.5, 14.5], "texture": "#1"}
			}
		},
		{
			"from": [11.5, 0, 10.75],
			"to": [14.5, 3, 13.75],
			"rotation": {"angle": 0, "axis": "y", "origin": [11.5, 0, 10.75]},
			"faces": {
				"north": {"uv": [13.5, 1.5, 15, 3], "texture": "#1"},
				"east": {"uv": [13.5, 3, 15, 4.5], "texture": "#1"},
				"south": {"uv": [13.5, 4.5, 15, 6], "texture": "#1"},
				"west": {"uv": [13.5, 6, 15, 7.5], "texture": "#1"},
				"up": {"uv": [15, 9, 13.5, 7.5], "texture": "#1"},
				"down": {"uv": [10.5, 13.5, 9, 15], "texture": "#1"}
			}
		},
		{
			"from": [1.5, 0, 11.75],
			"to": [4.5, 6, 14.75],
			"rotation": {"angle": 0, "axis": "y", "origin": [1.5, 0, 11.75]},
			"faces": {
				"north": {"uv": [9, 6, 10.5, 9], "texture": "#1"},
				"east": {"uv": [9, 9, 10.5, 12], "texture": "#1"},
				"south": {"uv": [0, 10, 1.5, 13], "texture": "#1"},
				"west": {"uv": [1.5, 10, 3, 13], "texture": "#1"},
				"up": {"uv": [15, 10.5, 13.5, 9], "texture": "#1"},
				"down": {"uv": [15, 10.5, 13.5, 12], "texture": "#1"}
			}
		},
		{
			"from": [3.5, 0, 7.75],
			"to": [6.5, 5, 10.75],
			"rotation": {"angle": 0, "axis": "y", "origin": [3.5, 0, 7.75]},
			"faces": {
				"north": {"uv": [3, 10, 4.5, 12.5], "texture": "#1"},
				"east": {"uv": [4.5, 10, 6, 12.5], "texture": "#1"},
				"south": {"uv": [10.5, 0, 12, 2.5], "texture": "#1"},
				"west": {"uv": [10.5, 2.5, 12, 5], "texture": "#1"},
				"up": {"uv": [7.5, 14.5, 6, 13], "texture": "#1"},
				"down": {"uv": [15, 0, 13.5, 1.5], "texture": "#1"}
			}
		},
		{
			"from": [12.5, 0, 1.75],
			"to": [15.5, 1, 4.75],
			"rotation": {"angle": 0, "axis": "y", "origin": [12.5, 0, 1.75]},
			"faces": {
				"north": {"uv": [10.5, 14, 12, 14.5], "texture": "#1"},
				"east": {"uv": [13.5, 14, 15, 14.5], "texture": "#1"},
				"south": {"uv": [0, 14.5, 1.5, 15], "texture": "#1"},
				"west": {"uv": [1.5, 14.5, 3, 15], "texture": "#1"},
				"up": {"uv": [13.5, 15, 12, 13.5], "texture": "#1"},
				"down": {"uv": [15, 12, 13.5, 13.5], "texture": "#1"}
			}
		},
		{
			"from": [0.5, 0, 3.75],
			"to": [3.5, 1, 6.75],
			"rotation": {"angle": 0, "axis": "y", "origin": [0.5, 0, 3.75]},
			"faces": {
				"north": {"uv": [13.5, 13.5, 15, 14], "texture": "#1"},
				"east": {"uv": [3, 14, 4.5, 14.5], "texture": "#1"},
				"south": {"uv": [4.5, 14, 6, 14.5], "texture": "#1"},
				"west": {"uv": [7.5, 14, 9, 14.5], "texture": "#1"},
				"up": {"uv": [9, 12.5, 7.5, 11], "texture": "#1"},
				"down": {"uv": [12, 11, 10.5, 12.5], "texture": "#1"}
			}
		}
	],
	"display": {
		"thirdperson_righthand": {
			"rotation": [75, 45, 0],
			"translation": [0, 2.5, 0],
			"scale": [0.375, 0.375, 0.375]
		},
		"thirdperson_lefthand": {
			"rotation": [75, 45, 0],
			"translation": [0, 2.5, 0],
			"scale": [0.375, 0.375, 0.375]
		},
		"firstperson_righthand": {
			"rotation": [0, 45, 0],
			"translation": [0, 2, 0],
			"scale": [0.4, 0.4, 0.4]
		},
		"firstperson_lefthand": {
			"rotation": [0, -135, 0],
			"translation": [0, 2, 0],
			"scale": [0.4, 0.4, 0.4]
		},
		"ground": {
			"translation": [0, 3, 0],
			"scale": [0.25, 0.25, 0.25]
		},
		"gui": {
			"rotation": [30, -135, 0],
			"scale": [0.625, 0.625, 0.625]
		},
		"head": {
			"translation": [0, 14.5, 0]
		},
		"fixed": {
			"scale": [0.5, 0.5, 0.5]
		}
	}
}