{
  "model": {
    "type": "minecraft:range_dispatch",
    "property": "minecraft:count",
    "scale": 1,
    "entries": [
      {
        "threshold": 1,
        "model": {
          "type": "minecraft:model",
          "model": "fallacy:item/coins/copper/coin"
        }
      },
      {
        "threshold": 1,
        "model": {
          "type": "minecraft:model",
          "model": "fallacy:item/coins/copper/coin_2"
        }
      },
      {
        "threshold": 1,
        "model": {
          "type": "minecraft:model",
          "model": "fallacy:item/coins/copper/coin_3"
        }
      },
      {
        "threshold": 1,
        "model": {
          "type": "minecraft:model",
          "model": "fallacy:item/coins/copper/coin_4"
        }
      },
      {
        "threshold": 1,
        "model": {
          "type": "minecraft:model",
          "model": "fallacy:item/coins/copper/coin_5"
        }
      },
      {
        "threshold": 1,
        "model": {
          "type": "minecraft:model",
          "model": "fallacy:item/coins/copper/coin_6"
        }
      },
      {
        "threshold": 1,
        "model": {
          "type": "minecraft:model",
          "model": "fallacy:item/coins/copper/coin_7"
        }
      },
      {
        "threshold": 1,
        "model": {
          "type": "minecraft:model",
          "model": "fallacy:item/coins/copper/coin_8"
        }
      },
      {
        "threshold": 1,
        "model": {
          "type": "minecraft:model",
          "model": "fallacy:item/coins/copper/coin_9"
        }
      }
    ]
  },
  "hand_animation_on_swap": true
}